{
  "hullDiameter": 14.94895,
  "mastLength": 28.20816,
  "mastDiameter": 1.41040,
  "shieldMaxDiameter": 2.02292,
  "shieldMinDiameter": 1.01146,
  "shieldThickness": 2.64379,
  "lanternDiameter": 10.95445
}
