{
  "hullDiameter": 14.94895,
  "mastLength": 28.20816,
  "mastDiameter": 1.88054,
  "shieldMaxDiameter": 2.99936,
  "shieldMinDiameter": 2.02292,
  "shieldThickness": 2.64379,
  "lanternDiameter": 10.95445
}
